price,title
,
12.066,
12.066,
12.066,
12.066,"        Apple 2021 iPad (10.2 inç, Wi-Fi, 64 GB) - Uzay Grisi (9. nesil)       "
18.599,"        Apple 2021 iPad mini (Wi-Fi, 64 GB) - Yıldız Işığı (6. nesil)       "
12.066,
449,        CiSiRUN Stylus kalem Universal 2'si 1tablet kalemi Dokunmatik Ekran Kalemi Kapasitif 1.5mm Ultra İnce Uyumlu IOS/Android iPad AIr/Mini/pro/Samsung/Lenovo/LG ve HTC/Tabletler/iPhone ile Uyumlu       
12.066,
239,"        TIKSSO 2 adet Samsung Galaxy Tab (S6 Lite (10,4"") ile uyumlu kağıt koruyucu film       "
369,"        [2 Paket]Paperfeel Ekran Koruyucu iPad Pro 11 İnç için, iPad Air 5/4 (5./4. Nesil 10.9 inç), Çizim ve Yazma için Mat PET Kağıt Ekran Koruyucu - Parlama Önleyici ve Parmak İzi Önleyici       "
18.599,
12.066,
12.066,
18.599,
11.399,"        Apple 2021 iPad (10.2 inç, Wi-Fi, 64 GB) - Gümüş Rengi (9. nesil)       "
,
,
,
509,"        JETech Kılıf ile uyumlu iPad 2 3 4 (eski model), Otomatik Uyanma/Uyuma Özellikli Tablet Kılıfı (Lacivert)       "
,
509,"        JETech Kılıf ile uyumlu iPad 2 3 4 (eski model), Otomatik Uyanma/Uyuma Özellikli Tablet Kılıfı (Kırmızı)       "
,
,
,"        JETech Kılıf ile uyumlu iPad 2 3 4 (eski model), Otomatik Uyanma/Uyuma Özellikli Tablet Kılıfı (Açık mor)       "
509,"        JETech Kılıf ile uyumlu iPad 2 3 4 (eski model), Otomatik Uyanma/Uyuma Özellikli Tablet Kılıfı (Koyu gri)       "
12.066,
12.066,
12.066,
449,
449,
12.066,
12.066,
369,
12.066,
,
12.066,
12.066,
12.066,
12.066,
1.149,
1.149,
12.066,
12.066,
129,
12.066,
10.719,
148.999,
289,
22.220,
12.066,
4.999,
1.397,"        CLARKCAS iPad Pro 6. Nesil 12,9 inç iPad Pro 5. Nesil 2021 4. / 3. Nesil için Kalem Tutuculu Kılıf, Otomatik Uyanma/Uyku, Üç Katlı Stant Kalem Şarjlı Hafif Kapak (Turuncu-A)       "
1.506,"        CLARKCAS iPad Pro 6. Nesil 12,9 inç 2022 iPad Pro 5. Nesil 2021 4. / 3. Nesil için Kalem Tutuculu, Otomatik Uyku/Uyanma, Trifold Stand Akıllı Kapak Yumuşak TPU Hafif (Turuncu)       "
,"        iPad 10.2 9./8./7. Nesil (2021, 2020, 2019) için Manyetik Akıllı Kılıf Uyku/Uyanma Özelliği İnce Kapak (Siyah)       "
1.214,"        VECOFO Taller Tablet Standı Masa için iPad Tutucu, iPad Pro, iPad Air Mini ve Daha Fazla 4-13,5 inç Tabletler için 12 inçe kadar Masaüstü Standı Yuvası (Beyaz)       "
1.832,        Pelican Voyager iPad Air 2 Kılıfı (Pembe)       
1.397,"        CLARKCAS iPad Pro 6. Nesil 12,9 inç iPad Pro 5. Nesil 2021 4. / 3. Nesil için Kalem Tutuculu Kılıf, Otomatik Uyanma/Uyku, Üç Katlı Stant Kalem Şarjlı Hafif Kapak (Turuncu-A)       "
1.188,"        CLARKCAS iPad Pro 6. Nesil 12,9 inç 2022 iPad Pro 5. Nesil 2021 4. / 3. Nesil için Kalem Tutuculu, Otomatik Uyku/Uyanma, Trifold Stand Akıllı Kapak Yumuşak TPU Hafif (Siyah)       "
1.515,"        CLARKCAS iPad Pro 6. Nesil 12,9 inç 2022 iPad Pro 5. Nesil 2021 4. / 3. Nesil için Kalem Tutuculu, Otomatik Uyku/Uyanma, Trifold Stand Akıllı Kapak Yumuşak TPU Hafif (Pembe)       "
1.326,"        CLARKCAS iPad Pro 6. Nesil 12,9 inç iPad Pro 5. Nesil 2021 4. / 3. Nesil için Kalem Tutuculu Kılıf, Otomatik Uyanma/Uyku, Üç Katlı Stand Kalem Şarjlı Hafif Kapak (Matcha Yeşil)       "
964,"        iPad 10.2 için 9./8./7. Nesil (2021, 2020, 2019) Manyetik Akıllı Kılıf Uyku/Uyanma Özelliği ile İnce Kapak (Yeşil)       "
1.326,"        CLARKCAS iPad Pro 6. Nesil 12,9 inç iPad Pro 5. Nesil 2021 4. / 3. Nesil için Kalem Tutuculu Kılıf, Otomatik Uyanma/Uyku, Kalem Şarjlı Üç Katlı Stand Hafif Kapak (Pembe-A)       "
1.654,"        May Chen iPad Pro 12.9 inç M2 6. Nesil A2764 2022, Darbeye Dayanıklı Kapak w/Şeffaf Şeffaf Arka Kabuk Ayrıca iPad Pro 12.9 5th/4th/3rd Nesil 2021 2020 2018, Altın Çiçekler Dahlia       "
3.073,"        Masa Kelepçesi için Tablet Tutucu 360° Telefon iPad Montajı, 35 inç Ayarlanabilir Kol Tablet Standı Yatak, iPad Pro 12.9 Air Mini, Sekmeler, Anahtar, iphone, 4.7-13 inç Cihaz/Gopro için Alüminyum       "
1.682,"        May Chen iPad Pro 12.9 inç M2 6. Nesil A2764 2022, Darbeye Dayanıklı Kapak w/Şeffaf Şeffaf Arka Kabuk Ayrıca iPad Pro 12.9 5th/4th/3rd Nesil 2021 2020 2018, Dahlia Çiçekler S725       "
1.630,"        May Chen iPad Pro 12.9 inç M2 6. Nesil A2764 2022, [Dahili Kalem Tutucu] Darbeye Dayanıklı Kapak w/Şeffaf Şeffaf Arka Kabuk Ayrıca iPad Pro 12.9 5th/4th/3rd 2021 2020 2018, Orkide Çiçeği       "
2.100,        Koruyucu iPad Kılıfı CTA Koruyucu Cihaz Kılıfı Dahili 360 Derece Dönebilen Kavrama Destek Çubuğu Ayarlanabilir El Kayışı iPad Pro 11 İnç iPad Air 11 inç (PAD-PGK11) için       
1.757,"        May Chen iPad Pro 12,9 inç M2 6. Nesil A2764 2022 için, [Dahili Kalem Tutucu] Şeffaf Şeffaf Arka Kapaklı Darbeye Dayanıklı Kılıf iPad Pro 12,9 5./4./3. 2021 2020 2018, Bitki       "
1.642,"        May Chen iPad Pro 12.9 inç M2 6. Nesil A2764 2022, Darbeye Dayanıklı Kapak w/Şeffaf Şeffaf Arka Kabuk Ayrıca iPad Pro 12.9 5th/4th/3rd Nesil 2021 2020 2018, Altın Zambaklar Çiçekler       "
1.738,"        May Chen iPad Pro 12,9 inç M2 6. Nesil 2022 için, [Dahili Kalem Tutucu] Darbeye Dayanıklı Kılıf Şeffaf Arka Kapak ile birlikte iPad Pro 12,9 5./4./3. 2021 2020 2018, Astronot Uçuşu için de uygundur       "
670,"        ChashenHa iPad 10. Nesil 10.9 inç 2022 Sürümü için Kılıf, Otomatik Uyandırma/Uyku ve Kalem Tutuculu İnce Üç Katlı Stand Akıllı Kılıf, Şehir Elle çizilmiş-10       "
670,"        ChashenHa iPad 10. Nesil 10.9 inç 2022 Sürümü için Kılıf, Otomatik Uyandırma/Uyku ve Kalem Tutuculu İnce Üç Katlı Stand Akıllı Kılıf, Şehir Elle çizilmiş-14       "
670,"        ChashenHa iPad 10. Nesil 10.9 inç 2022 Sürümü için Kılıf, Otomatik Uyandırma/Uyku ve Kalem Tutuculu İnce Üç Katlı Stand Akıllı Kılıf, Şehir Elle çizilmiş-12       "
670,"        ChashenHa iPad 10. Nesil 10.9 inç 2022 Sürümü için Kılıf, Otomatik Uyandırma/Uyku ve Kalem Tutuculu İnce Üç Katlı Stand Akıllı Kılıf, Şehir Elle çizilmiş-11       "
670,"        ChashenHa iPad 10. Nesil 10.9 inç 2022 Sürümü için Kılıf, Otomatik Uyandırma/Uyku ve Kalem Tutuculu İnce Üç Katlı Stand Akıllı Kılıf, Şehir Elle Çizilmiş-8       "
670,"        ChashenHa iPad 10. Nesil 10.9 inç 2022 Sürümü için Kılıf, Otomatik Uyandırma/Uyku ve Kalem Tutuculu İnce Üç Katlı Stand Akıllı Kılıf, Şehir Elle Çizilmiş-1       "
1.750,"        DONGKE 2022/2021/2020/2018 iPad Pro 12,9"" Gen 6/5/4/3 için Kılıf - İnce Koruyucu Kılıf - Dahili Kalem Tutucu Destek Şarj - Üç Katlı Stand ve Uyku/Uyandırma Kılıfı - Altın Çiçekler       "
1.791,"        DONGKE iPad Pro 12.9 6./5./4./3. Nesil, Trifold Stand + Kalem Tutucu + Otomatik Uyanma/Uyuma + Yumuşak TPU Koruyucu Stand Arka Kapak iPad Pro 12.9 inç Kılıf 2022/2021/2020/2018 için, Çiçekli       "
1.732,"        DONGKE iPad Pro 12.9 6./5./4./3. Nesil, Trifold Stand + Kalem Tutucu + Otomatik Uyanma/Uyuma + Yumuşak TPU Koruyucu Stand Arka Kapak iPad Pro 12.9 inç Kılıf 2022/2021/2020/2018, Çiçekler       "
1.800,"        DONGKE 2022/2021/2020/2018 iPad Pro 12,9"" Gen 6/5/4/3 için Kılıf - İnce Koruyucu Kılıf - Dahili Kalem Tutucu Destek Şarj - Üç Katlı Stand ve Uyku/Uyandırma Kılıfı - Altın Lotus       "
1.749,"        DONGKE 2022/2021/2020/2018 iPad Pro 12,9"" Gen 6/5/4/3 için Kılıf - İnce Koruyucu Kılıf - Dahili Kalem Tutucu Destek Şarj - Üç Katlı Stand ve Uyku/Uyandırma Kılıfı - Uzay       "
1.749,"        DONGKE 2022/2021/2020/2018 iPad Pro 12,9"" Gen 6/5/4/3 için Kılıf - İnce Koruyucu Kılıf - Dahili Kalem Tutucu Destek Şarj - Üç Katlı Stand ve Uyku/Uyandırma Kılıfı - Ahşap Tahıl       "
2.135,"        Çocuklar Kızlar için iPad 10.2 Kılıf, Temperli Cam Ekran Koruyucu ve Omuz Askılı iPad 9./8./7. Nesil Kılıf | Ambison Sağlam Koruyucu Sevimli Kılıf iPad 10.2 inç 2021/2020/2019 (Nane) için       "
2.153,"        Çocuklar Kızlar için Yeni iPad 10.2 Kılıfı, iPad 9./8./7. Nesil Kılıf Temperli Cam Ekran Koruyucu ve Omuz Askısı| iPad 10.2 inç 2021/2020/2019 için Ambison Sağlam Koruyucu Kılıf (Mor)       "
2.126,"        Çocuklar Kızlar için iPad 10.2 Kılıf, Temperli Cam Ekran Koruyucu ve Omuz Askılı iPad 9./8./7. Nesil Kılıf | Ambison Sağlam Koruyucu Sevimli Kılıf iPad 10.2 inç 2021/2020/2019 için (Canlı Pembe)       "
1.577,"        Cantis iPad 9. Nesil/iPad 8. Nesil/iPad 7. Nesil için Kılıf, İnce Ağır Hizmet Darbeye Dayanıklı Sağlam Koruyucu Kılıf iPad 10,2 inç 2021/2020/2019 için Dahili Standlı (Kamuflaj+Gül)       "
2.593,"        Çocuklar Kızlar için Yeni iPad 10.2 Kılıfı, iPad 9./8./7. Nesil Kılıf Temperli Cam Ekran Koruyucu ve Omuz Askısı| iPad 10.2 inç 2021/2020/2019 için Ambison Sağlam Koruyucu Kılıf (Gül Pembesi)       "
1.995,"        Çocuklar Kızlar için iPad 10.2 Kılıf, Temperli Cam Ekran Koruyucu ve Omuz Askılı iPad 9./8. / 7. Nesil Kılıf | Ambison Sağlam Koruyucu Sevimli Kılıf iPad 10.2 inç 2021/2020/2019 için - Yeşil       "
2.115,"        Çocuklar Kızlar için iPad 10.2 Kılıf, Temperli Cam Ekran Koruyucu ve Omuz Askılı iPad 9./8./7. Nesil Kılıf | Ambison Sağlam Koruyucu Sevimli Kılıf iPad 10.2 inç 2021/2020/2019 için (Gül Kırmızısı)       "
1.199,        Apple iPad Mini 5 ile Uyumlu - Deri Akıllı Kapak + Uyku/Uyanma Fonksiyonlu Sert Arka Kılıf (Terrazzo Döşeme)       
1.850,        TSQQST iPad 9./8./7. Nesil Kılıf Mor Pembe Cam Ekran Koruyucu ile Çocuklar Kızlar için | iPad 10.2 Kılıf w/Kalem Tutucu+Stand+Kayış | iPad 9. 8. 7. Nesil için Sağlam Sevimli Kılıf | Renkli       
,        Trident Kraken AMS Apple Yeni iPad-Perakende Ambalajı-ABD Ordusu Kamuflajı Kılıfı       
1.798,        TSQQST Çocuklar Erkekler için iPad 9. Nesil Kılıf w/Ekran Koruyucu 2021 | iPad 10.2 Kılıfı 8. 7. Nesil Ağır Hizmet Tipi Sağlam w/Kalem Tutucu Standı El Omuz Askısı | Renkli Mavi       
1.829,        TSQQST Çocuklar için Ekran Koruyuculu iPad 10.2 Kılıfı | iPad 9. 8. 7. Nesil Kılıf Ağır Hizmet Tipi Sağlam | Darbeye Dayanıklı Koruyucu Kılıf w/Stand El Omuz Askısı iPad 10.2 İnç-Kamuflaj       
,"        iPad 10.2 9./8./7. Nesil (2021, 2020, 2019) için Manyetik Akıllı Kılıf Uyku/Uyanma Özellikli İnce Kapak (Pembe)       "
670,"        ChashenHa iPad 10. Nesil 10.9 inç 2022 Sürümü için Kılıf, Otomatik Uyandırma/Uyku ve Kalem Tutuculu İnce Üç Katlı Stand Akıllı Kılıf, Yaratıcı Beyin-7       "
670,"        ChashenHa iPad 10. Nesil 10.9 inç 2022 Sürümü için Kılıf, Otomatik Uyandırma/Uyku ve Kalem Tutuculu İnce Üç Katlı Stand Akıllı Kılıf, Yaratıcı Beyin-6       "
670,"        ChashenHa iPad 10. Nesil 10.9 inç 2022 Sürümü için Kılıf, Otomatik Uyandırma/Uyku ve Kalem Tutuculu İnce Üç Katlı Stand Akıllı Kılıf, Yaratıcı Beyin-2       "
670,"        ChashenHa iPad 10. Nesil 10.9 inç 2022 Sürümü için Kılıf, Otomatik Uyandırma/Uyku ve Kalem Tutuculu İnce Üç Katlı Stand Akıllı Kılıf, Yaratıcı Beyin-14       "
670,"        ChashenHa iPad 10. Nesil 10.9 inç 2022 Sürümü için Kılıf, Otomatik Uyandırma/Uyku ve Kalem Tutuculu İnce Üç Katlı Stand Akıllı Kılıf, Yaratıcı Beyin-5       "
670,"        ChashenHa iPad 10. Nesil 10.9 inç 2022 Sürümü için Kılıf, Otomatik Uyandırma/Uyku ve Kalem Tutuculu İnce Üç Katlı Stand Akıllı Kılıf, Yaratıcı Beyin-4       "
1.551,"        Soke Yeni iPad Pro 11 Kılıfı 2022/2021 Kalem Tutuculu - [Tam Vücut Koruması + 2. Nesil Apple Kalem Şarjı + Otomatik Uyanma/Uyku], Yumuşak TPU Arka Kapak 2022/2021/ iPad Pro 11 inç (Sıcak Pembe)       "
1.560,"        Soke Yeni iPad Pro 11 Kılıfı 2022/2021/2020 Kalem Tutuculu - [Tam Vücut Koruması + 2. Nesil Apple Kalem Şarjı + Otomatik Uyanma/Uyku], 2022 iPad Pro 11 inç için Yumuşak TPU Arka Kapak (Kitap Lacivert)       "
1.368,"        Yeni iPad 10,2 inç (2019), iPad 7. Nesil Kılıf 10,2 inç, Koruyucu Deri Kılıf, Ayarlanabilir Stand Otomatik Uyandırma/Uyku Akıllı Kılıf iPad 10,2 inç (2019), Mavi Arka Plan İncil Ayeti Alıntıları Phil       "
1.524,"        Soke Yeni iPad Pro 11 Kılıfı 2022/2021/2020 Kalem Tutuculu - [Tam Vücut Koruması + 2. Nesil Apple Kalem Şarjı + Otomatik Uyanma/Uyku], 2022 iPad Pro 11 inç (Okyanus Mermer) için Yumuşak TPU Arka Kapak       "
630,"        Gearonic Düello Fonksiyonu 360 Derece Dönen PU Deri Kılıf Kapak Araba Montajlı iPad mini için, Mor (AV-6037UPUIB)       "
1.543,"        Soke Yeni iPad Pro 11 Kılıfı 2022/2021/2020 Kalem Tutuculu - [Tam Vücut Koruması + 2. Nesil Apple Kalem Şarjı + Otomatik Uyanma/Uyku], iPad Pro 11 inç (Kitap Karpuzu) için Yumuşak TPU Arka Kapak       "
1.508,"        Soke Yeni iPad Pro 11 Kılıfı 2022/2021/2020 Kalem Tutuculu - [Tam Vücut Koruması + 2. Nesil Apple Kalem Şarjı + Otomatik Uyanma/Uyku], 2022 iPad Pro 11 inç için Yumuşak TPU Arka Kapak (Göl Mavisi)       "
1.454,"        Soke Yeni iPad Pro 11 Kılıfı 2022/2021/2020 Kalem Tutuculu - [Tam Vücut Koruması + 2. Nesil Apple Kalem Şarjı + Otomatik Uyanma/Uyku], 2022 iPad Pro 11 inç için Yumuşak TPU Arka Kapak (Camgöbeği)       "
565,"        Rosbtib iPad Pro 11 İnç Tüm Model, iPad Air 5/4 10,9 İnç PU Deri Kapaklı Kılıf Standı TPU Kapak Koruyucu Kılıf iPad Pro 11 için Kart Yuvalı - Kırmızı Kedi       "
1.673,        LAUT Resmi - Revolve - iPad Air 2 için (Pembe)       
565,"        Rosbtib iPad Pro 11 inç tüm modeller için kılıf, iPad Air 5/4 10,9 inç, poliüretan deri kapaklı kılıf, stand TPU Cover çanta, koruyucu kılıf, kart yuvalı iPad Pro 11, pembe kırmızı kedi yavrusu       "
1.152,"        iPad Air 4. Nesil 2020 10.9 İnç için Kılıf, Sert PC Sırtlı Üç Katlı Stand Kılıfı, Otomatik Uyandırma/Uyku, HD Baskı Konforu A2072, A2316, A2324, A2325, Pembe Romantik Manzara       "
565,"        Rosbtib iPad Pro 11 inç tüm modeller için kılıf, iPad Air 5/4 10,9 inç, poliüretan deri kapaklı kılıf, stand TPU Cover çanta koruyucu kılıf kart yuvalı iPad Pro 11, mavi kedi yavrusu       "
565,"        Rosbtib iPad Pro 11 inç tüm modeller için kılıf, iPad Air 5/4 10,9 inç, poliüretan deri kapaklı kılıf, stand TPU Cover çanta, koruyucu kılıf, kart yuvalı iPad Pro 11, yeşil kedi yavrusu       "
565,"        Rosbtib iPad Pro 11 inç tüm modeller için kılıf, iPad Air 5/4 10,9 inç, poliüretan deri kapaklı kılıf, stand TPU Cover çanta, koruyucu kılıf, kart yuvalı iPad Pro 11, lila kedi yavrusu       "
1.152,"        iPad 9.7 inç 2017/2018 Kılıf/iPad Hava/Hava 2 Kapak, PU Deri Darbeye Dayanıklı Akıllı Kılıflar Kabuk Ayarı Standı Otomatik Uyandırma/Uyku, Esnek Yumuşak TPU Koruyucu Arka Kapak, iPad 5./6. için, pembe romantik l       "
749,        Apple iPad Pro 11 (2020) için Uyku/Uyanma Fonksiyonlu ve kalem tutucu (Gri) ile Akıllı Manyetik Kılıf       
2.843,        Maclocks iPadAirBB Kilitlenebilir iPad Hava Kilidi ve Güvenlik Kılıfı 6 Ayak Kablolu (Siyah)       
1.630,        LAUT Resmi - iPad Mini 3 ve Mini 2 ve Mini için Döner (Kırmızı)       
749,        Apple iPad Pro 11 (2020) için Uyku/Uyanma Fonksiyonlu ve kalem tutucu (Beyaz) için Akıllı Manyetik Kılıf       
749,        Apple iPad Pro 11 (2020) için Uyku/Uyanma Fonksiyonlu ve kalem tutuculu Akıllı Manyetik Kılıf (Siyah)       
749,        Apple iPad Pro 11 (2020) için Uyku/Uyanma Fonksiyonlu ve kalem tutucu (Turuncu) ile Akıllı Manyetik Kılıf       
749,        Apple iPad Pro 11 (2020) için Uyku/Uyanma Fonksiyonlu ve kalem tutucu (Pembe Altın) ile Akıllı Manyetik Kılıf       
749,        Apple iPad Pro 11 (2020) için Uyku/Uyanma Fonksiyonlu ve kalem tutucu (Altın) ile Akıllı Manyetik Kılıf       
2.798,"        PKG Evrensel Tablet Kılıfı. (7 inç, Siyah)       "
2.865,"        PKG Evrensel Tablet Kılıfı. (10 inç, Açık Gri)       "
1.181,        Logitech Logi Focus Flexible noch Schutzhülle für iPad Mini 4 Kırmızı 939-001440       
627,"        Berkin Arts iPad 10. Nesil Kılıf 2022 (10,9 inç) A2757/A2696/A2777 Modern Soyut Tasarımlı Folyo Kapak, Akıllı Stand Kalem Tutucu Otomatik Uyanma/Uyku, Renkli Parlayan Damlalar Parıldıyor Darbeye       "
925,        GGMM iPad 4 için Magic Cube Mikrofiber Deri Kılıf - Siyah (iPa10904)       
967,"        DTTO iPad Air 2 Kılıfı (2014 Çıktı), Ultra İnce Hafif Akıllı Kılıf Üç Katlı Stant, Esnek Yumuşak TPU Arka Kapak Apple iPad Air 2 (Model A1566/A1567), Koyu Gri       "
967,"        DTTO iPad Air 2 Kılıfı (2014 Çıktı), Ultra İnce Hafif Akıllı Kılıf Üç Katlı Stant, Esnek Yumuşak TPU Arka Kapak Apple iPad Air 2 (Model A1566/A1567), Parlak Turuncu       "
967,"        DTTO iPad Air 2 Kılıfı (2014 Çıktı), Ultra İnce Hafif Akıllı Kılıf Üç Katlı Stant, Esnek Yumuşak TPU Arka Kapak Apple iPad Air 2 (Model A1566/A1567), Kanarya Sarı       "
967,"        DTTO iPad Air 2 Kılıfı (2014 Çıktı), Ultra İnce Hafif Akıllı Kılıf Üç Katlı Stant, Esnek Yumuşak TPU Arka Kapak Apple iPad Air 2 (Model A1566/A1567), Gök Mavisi       "
966,"        DTTO iPad Air 2 Kılıfı (2014 Çıktı), Ultra İnce Hafif Akıllı Kılıf Üç Katlı Stand Esnek Yumuşak TPU Arka Kapak Apple iPad Air 2 (Model A1566/A1567), Gri       "
826,"        DTTO iPad Air 2 Kılıfı (2014 Çıktı), Ultra İnce Hafif Akıllı Kılıf Üç Katlı Stant, Esnek Yumuşak TPU Arka Kapak Apple iPad Air 2 (Model A1566/A1567), Gece Yeşili       "
829,"        iPad Kılıfı 2018/2017 iPad 9.7 6./5. Nesil - 360 Derece Dönen iPad Air Kılıf Kapak Otomatik Uyandırma/Uyuma ile Uyumlu Apple iPad 9,7 inç 2018/2017 (Kırmızı Mandala)       "
259,"        TXLING iPad Air 4 10,9 inç 2020 için kılıf, ultra ince akıllı manyetik kapak, parıltılı koruyucu kılıf, otomatik uyanma/uyku için, iPad Air 4 2020 ve iPad Pro 11 2018 için       "
259,"        TXLING iPad Air 4 10,9 inç 2020 için kılıf, ultra ince akıllı manyetik kapak, parıltılı koruyucu kılıf, otomatik uyanma/uyku için, iPad Air 4 2020 ve iPad Pro 11 2018 için       "
259,"        TXLING iPad Air 4 10,9 inç 2020 için kılıf, ultra ince akıllı manyetik kapak, parıltılı koruyucu kılıf, otomatik uyanma/uyku için, iPad Air 4 2020 ve iPad Pro 11 2018 için       "
259,"        TXLING iPad Air 4 10,9 inç 2020 için kılıf, ultra ince akıllı manyetik kapak, parıltılı koruyucu kılıf, otomatik uyanma/uyku için, iPad Air 4 2020 ve iPad Pro 11 2018 için       "
695,"        Bam Bino Space Suit iPad 9. Nesil Kılıf, Çocuklar için iPad 8./7./10,2 inç iPad Kılıfı | Ekran Koruyucu, Saplı, Standlı, Omuz Askılı Hafif Kılıf, Kalem Tutucu (Galaktik Mavi)       "
259,"        TXLING iPad Air 4 10,9 inç 2020 için kılıf, ultra ince akıllı manyetik kapak, parıltılı koruyucu kılıf, otomatik uyanma/uyku için, iPad Air 4 2020 ve iPad Pro 11 2018 için       "
695,"        Bam Bino Uzay Takımı iPad 10.2 Çocuklar için Kılıf, iPad 9. Nesil Kılıf, Çocuklar için iPad 7. Nesil Kılıf, Çocuklar için iPad 8. Nesil Kılıf, Çocuklar için iPad Air 3. Nesil Kılıf       "
695,"        Bam Bino Uzay Takımı iPad 10.2 Çocuklar için Kılıf, iPad 9. Nesil Kılıf, Çocuklar için iPad 7. Nesil Kılıf, Çocuklar için iPad 8. Nesil Kılıf, Çocuklar için iPad Air 3. Nesil Kılıf       "
695,"        Bam Bino Space Suit iPad 9. Nesil Kılıf, Çocuklar için iPad 8./7./10.2 inç iPad Kılıfı | Ekran Koruyucu, Saplı, Standlı, Omuz Askılı Hafif Kılıf, Kalem Tutucu (Kozmik Siyah)       "
749,        Apple iPad Pro 11 2021/2020 A2301 A2459 A2228 A2068 A2230 A2231 için Manyetik Akıllı Kılıf (Kırmızı)       
749,        Apple iPad Pro 11 2021/2020 A2301 A2459 A2228 A2068 A2230 A2231 için Manyetik Akıllı Kılıf (Gümüş)       
749,        Apple iPad Pro 11 2021/2020 A2301 A2459 A2228 A2068 A2230 A2231 için Manyetik Akıllı Kılıf (Gri)       
749,        Apple iPad Pro 11 2021/2020 A2301 A2459 A2228 A2068 A2230 A2231 için Manyetik Akıllı Kılıf (Pembe Altın)       
749,        Apple iPad Pro 11 2021/2020 A2301 A2459 A2228 A2068 A2230 A2231 için Manyetik Akıllı Kılıf (Beyaz)       
749,        Apple iPad Pro 11 2021/2020 A2301 A2459 A2228 A2068 A2230 A2231 için Manyetik Akıllı Kılıf (Altın)       
259,"        iPad mini 5 mini 4 kılıf, iPad mini5 için Flyorigin kılıfı (Eylül 2019) iPad mini4 (Eylül 2015) Otomatik uyku uyandırma işlevli stand, 360 derece dönen       "
259,"        iPad mini 5 mini 4 kılıf, iPad mini5 için Flyorigin kılıfı (Eylül 2019) iPad mini4 (Eylül 2015) Otomatik uyku uyandırma işlevli stand, 360 derece dönen       "
259,"        iPad mini 5 mini 4 kılıf, iPad mini5 için Flyorigin kılıfı (Eylül 2019) iPad mini4 (Eylül 2015) Otomatik uyku uyandırma işlevli stand, 360 derece dönen       "
259,"        iPad mini 5 mini 4 kılıf, iPad mini5 için Flyorigin kılıfı (Eylül 2019) iPad mini4 (Eylül 2015) Otomatik uyku uyandırma işlevli stand, 360 derece dönen       "
259,"        iPad mini 5 mini 4 kılıf, iPad mini5 için Flyorigin kılıfı (Eylül 2019) iPad mini4 (Eylül 2015) Otomatik uyku uyandırma işlevli stand, 360 derece dönen       "
718,"        elago iPad 10. Nesil Kılıf - Metal Malzemelere Manyetik Bağlantılı iPad Kılıfı, Apple iPad Kalem ve Elago'nun Kalem Kılıfı ile Uyumlu (Mavi)       "
717,"        elago iPad 10. Nesil için Manyetik Folyo Kılıf - Arka Plaka Metal Malzemelere Takılabilir, Apple Pencil ve elago'nun Kalem Kutusu ile Uyumlu (Kum Pembesi)       "
259,"        iPad mini 5 mini 4 kılıf, iPad mini5 için Flyorigin kılıfı (Eylül 2019) iPad mini4 (Eylül 2015) Otomatik uyku uyandırma işlevli stand, 360 derece dönen       "
720,"        elago iPad 10. Nesil için Manyetik Folyo Kılıf - Arka Plaka Metal Malzemelere Takılabilir, Apple Kalem ve elago'nun Kalem Kılıfı ile Uyumlu (Koyu Gri)       "
499,"        JETech Kılıf ile uyumlu iPad 2 3 4 (eski model), Otomatik Uyanma/Uyuma Özellikli Tablet Kılıfı (Siyah)       "
718,"        elago iPad 10. Nesil Kılıf - Metal Malzemelere Manyetik Bağlantılı iPad Kılıfı, Apple iPad Kalem ve Kalem Kutusu ile Uyumlu (Açık Gri)       "
1.025,"        Styluslink (TM) Dokunmatik Ekran Stylus Kalem Tüm iPads/iPad Mini/ipad Air/iPad pro (Tüm Nesiller), Tüm iPhone, Diğer Tüm Tabletler, Cep Telefonları, iPad Stylus PC (1 Adet Stylus /2 Ekstra İpuçları)…       "
509,"        JETech Kılıf ile uyumlu iPad 2 3 4 (eski model), Otomatik Uyanma/Uyuma Özellikli Tablet Kılıfı (Altın gül)       "
535,        ZUGU iPad Air 5. ve 4. nesil kılıfı 10.9 inç case 2022/2020 - Ultra İnce Koruyucu Kılıf - Kablosuz Apple Pencil Şarj - Kullanışlı 8 açılı Mıknatıslı Stand ve Otomatik Uyku/Uyanma [ Mor ]       
535,        ZUGU iPad Air 5. ve 4. nesil kılıfı 10.9 inç case 2022/2020 - Ultra İnce Koruyucu Kılıf - Kablosuz Apple Pencil Şarj - Kullanışlı 8 açılı Mıknatıslı Stand ve Otomatik Uyku/Uyanma [ Mavisi ]       
945,        KOMBIUDA Ipads 3 adet Ultra - Bilgisayarınız Prprivacy Ultra İnce Slayt Kaydırıcı Lens Webcam Ayçiçeği Dizüstü Bilgisayar Kapağı Görsel Baskılı İnce Gizlilik Kamera Kapağı Evrensel Karikatür Webcam       
1.149,        ZUGU iPad Air 5. ve 4. nesil kılıfı 10.9 inç case 2022/2020 - Ultra İnce Koruyucu Kılıf - Kablosuz Apple Pencil Şarj - Kullanışlı 8 açılı Mıknatıslı Stand ve Otomatik Uyku/Uyanma [ Kırmızı ]       
999,        ZUGU iPad Air 5. ve 4. nesil kılıfı 10.9 inç case 2022/2020 - Ultra İnce Koruyucu Kılıf - Kablosuz Apple Pencil Şarj - Kullanışlı 8 açılı Mıknatıslı Stand ve Otomatik Uyku/Uyanma [ Siyah ]       
535,        ZUGU iPad Air 5. ve 4. nesil kılıfı 10.9 inç case 2022/2020 - Ultra İnce Koruyucu Kılıf - Kablosuz Apple Pencil Şarj - Kullanışlı 8 açılı Mıknatıslı Stand ve Otomatik Uyku/Uyanma [ Kuzey Buzlu ]       
1.303,"        BESUNTEK Tablet Yastık Standı, Çok Açılı Yastık Yumuşak Pad Tutucu, Tablet Tutucu Dock Evrensel ipad Okuma Standı ipads Tabletler E-Okuyucular Akıllı Telefonlar Kitaplar Dergisi       "
765,"        Formgut Tablet Stand I//iPad 2 Neigungen, Universal iPad Pro, Air, Air 2, Mini, Mini 2/3/4, ve tablet-Halter için Samsung, Huawei, Lenovo, ASUS, Amazon fire//ceviz ağacı alle iPads 0783024338174       "
1.149,        ZUGU iPad Air 5. ve 4. nesil kılıfı 10.9 inç case 2022/2020 - Ultra İnce Koruyucu Kılıf - Kablosuz Apple Pencil Şarj - Kullanışlı 8 açılı Mıknatıslı Stand ve Otomatik Uyku/Uyanma [ Kahverengi ]       
